"cluster","visitor_arrivals","china_share","hotel_occ","avg_stay_monthly_capped"
"State 1",1367457.03658537,0.157029027999022,83.2962114404878,3.57951394439024
"State 2",159791.153846154,0.0458434496859145,60.3564749530769,18.1578247469231
"State 3",17787.6,0.381139977537448,56.2341523013333,27.4498553056667
